Название,Цена,Ссылка
name,price,url
Подвесной светильник Сансет Black,6590,https://www.divan.ru/samara/product/podvesnoj-svetilnik-sanset-black
Торшер Билли Black,21 660,https://www.divan.ru/samara/product/torsher-billi-black
Подвесной светильник Бабл-9,21 990,https://www.divan.ru/samara/product/podvesnoj-svetilnik-babl-9
Торшер Бабл-1,7690,https://www.divan.ru/samara/product/torsher-babl-1
Подвесной светильник Бабл-3,7690,https://www.divan.ru/samara/product/podvesnoj-svetilnik-babl-3
Бра Бабл Black,2190,https://www.divan.ru/samara/product/bra-babl-black
Настольная лампа Дэнди Black,4390,https://www.divan.ru/samara/product/nastolnaya-lampa-dendi-black
Настольная лампа Дэнди White,4390,https://www.divan.ru/samara/product/nastolnaya-lampa-dendi-white
Торшер Варио White,6590,https://www.divan.ru/samara/product/torsher-vario-white
Бра Варио Black,1640,https://www.divan.ru/samara/product/bra-vario-black
Бра Варио White,1640,https://www.divan.ru/samara/product/bra-vario-white
Подвесной светильник Сансет White,6590,https://www.divan.ru/samara/product/podvesnoj-svetilnik-sanset-white
Подвесной светильник Кэндел Black,4390,https://www.divan.ru/samara/product/podvesnoj-svetilnik-kendel-black
Подвесной светильник Кэндел White,4390,https://www.divan.ru/samara/product/podvesnoj-svetilnik-kendel-white
Настольная лампа Гровер Glass,6590,https://www.divan.ru/samara/product/nastolnaya-lampa-grover-glass
Настольная лампа Спайк Green,1090,https://www.divan.ru/samara/product/nastolnaya-lampa-spajk-green
Настольная лампа Рэй Black,3950,https://www.divan.ru/samara/product/nastolnaya-lampa-rej-black
Торшер Рэй White,6150,https://www.divan.ru/samara/product/torsher-rej-white
Торшер Мун Black,9890,https://www.divan.ru/samara/product/torsher-mun-black
Торшер Варио Black,6590,https://www.divan.ru/samara/product/torsher-vario-black
Настольная лампа Раффи Round,7910,https://www.divan.ru/samara/product/nastolnaya-lampa-raffi-round
Торшер Гросс White,8790,https://www.divan.ru/samara/product/torsher-gross-white
Бра Moderli Alina,3510,https://www.divan.ru/samara/product/bra-moderli-alina
Подвесной светильник Маро Green,10 990,https://www.divan.ru/samara/product/podvesnoj-svetilnik-maro-green
Настольная лампа Машрум Grey,5050,https://www.divan.ru/samara/product/nastolnaya-lampa-mashrum-grey
Настольная лампа Рэй White,3950,https://www.divan.ru/samara/product/nastolnaya-lampa-rej-white
Светильник потолочный Matthew,6260,https://www.divan.ru/samara/product/svetilnik-potolochnyj-matthew
Спот Лайт-1 Black,2960,https://www.divan.ru/samara/product/spot-lajt-1-black
Настольная лампа Сфера Black,5930,https://www.divan.ru/samara/product/nastolnaya-lampa-sfera-black
Люстра Монти-3 White,12 640,https://www.divan.ru/samara/product/lyustra-monti-3-white
Бра Galdakao-1,7250,https://www.divan.ru/samara/product/bra-galdakao
Подвесной светильник Tureis,4280,https://www.divan.ru/samara/product/podvesnoj-svetilnik-tureis
Люстра Монти-5 White,18 910,https://www.divan.ru/samara/product/lyustra-monti-5-white
Подвесной светильник Лиму-3 Black,6150,https://www.divan.ru/samara/product/podvesnoj-svetilnik-limu-3-black
Торшер Билли White,21 660,https://www.divan.ru/samara/product/torsher-billi-white
Бра Cornus Silver,6150,https://www.divan.ru/samara/product/bra-cornus-silver
Спот Олден Brown,1200,https://www.divan.ru/samara/product/spot-olden-brown
Бра Куб White,2410,https://www.divan.ru/samara/product/bra-kub-white
Ландшафтный светильник Визор Black,4940,https://www.divan.ru/samara/product/landshaftnyj-svetilnik-vizor-black
Бра Bolla-Unica,5820,https://www.divan.ru/samara/product/bra-bolla-unica
Люстра Леон-5 Black,12 420,https://www.divan.ru/samara/product/lyustra-leon-5-black
Настольная лампа Мист Black,6150,https://www.divan.ru/samara/product/nastolnaya-lampa-mist-black
Настольная лампа Palla Grey,14 950,https://www.divan.ru/samara/product/nastolnaya-lampa-palla-grey
Подвесной светильник Фаро-3 White,7140,https://www.divan.ru/samara/product/podvesnoj-svetilnik-faro-3-white
Люстра Нейва-4 Black,7470,https://www.divan.ru/samara/product/lyustra-nejva-4-black
Люстра Альби-6 Black,5160,https://www.divan.ru/samara/product/lyustra-albi-6-black
Бра Лима Black,2630,https://www.divan.ru/samara/product/bra-lima-black
Бра Техно Стрикт-2 Black,2520,https://www.divan.ru/samara/product/bra-tehno-strikt-2-black
